mes_ano,video_title,quantidade
2019-06,Minicurso com Peter Paiva: vela arom√°tica,4
2019-07,Minicurso com Peter Paiva: vela arom√°tica,1
2019-11,Minicurso com Peter Paiva: vela arom√°tica,2
2020-01,Minicurso com Peter Paiva: vela arom√°tica,1
2020-02,Minicurso com Peter Paiva: vela arom√°tica,2
2020-03,Minicurso com Peter Paiva: vela arom√°tica,1
2020-04,Minicurso com Peter Paiva: vela arom√°tica,4
2020-05,Minicurso com Peter Paiva: vela arom√°tica,2
2020-06,Minicurso com Peter Paiva: vela arom√°tica,1
2020-06,Velas Rose Garden - Peter Paiva,95
2020-07,Minicurso com Peter Paiva: vela arom√°tica,4
2020-07,Velas Rose Garden - Peter Paiva,42
2020-08,Minicurso com Peter Paiva: vela arom√°tica,7
2020-08,Velas Rose Garden - Peter Paiva,46
2020-09,Minicurso com Peter Paiva: vela arom√°tica,3
2020-09,Velas Rose Garden - Peter Paiva,79
2020-10,Minicurso com Peter Paiva: vela arom√°tica,4
2020-10,Velas Rose Garden - Peter Paiva,63
2020-11,Minicurso com Peter Paiva: vela arom√°tica,3
2020-11,Velas Rose Garden - Peter Paiva,36
2020-12,Minicurso com Peter Paiva: vela arom√°tica,2
2020-12,Velas Rose Garden - Peter Paiva,21
2021-01,Minicurso com Peter Paiva: vela arom√°tica,4
2021-01,Velas Rose Garden - Peter Paiva,26
2021-02,Minicurso com Peter Paiva: vela arom√°tica,3
2021-02,Velas Rose Garden - Peter Paiva,20
2021-03,Minicurso com Peter Paiva: vela arom√°tica,5
2021-03,Velas Rose Garden - Peter Paiva,17
2021-04,Minicurso com Peter Paiva: vela arom√°tica,6
2021-04,Velas Rose Garden - Peter Paiva,19
2021-05,Minicurso com Peter Paiva: vela arom√°tica,2
2021-05,Velas Rose Garden - Peter Paiva,32
2021-06,Minicurso com Peter Paiva: vela arom√°tica,2
2021-06,Velas Rose Garden - Peter Paiva,16
2021-07,Minicurso com Peter Paiva: vela arom√°tica,4
2021-07,Velas Rose Garden - Peter Paiva,19
2021-08,Minicurso com Peter Paiva: vela arom√°tica,7
2021-08,Velas Rose Garden - Peter Paiva,19
2021-09,Velas Rose Garden - Peter Paiva,16
2021-10,COMO FAZER VELAS AROM√ÅTICASüíï VELAS PERFUMADAS.,1
2021-10,Minicurso com Peter Paiva: vela arom√°tica,3
2021-10,Velas Rose Garden - Peter Paiva,14
2021-11,Minicurso com Peter Paiva: vela arom√°tica,2
2021-11,Velas Aromatizadas e Baratas Em Casa: Como fazer velas arom√°ticas? DIY,4
2021-11,Velas Rose Garden - Peter Paiva,13
2021-12,Minicurso com Peter Paiva: vela arom√°tica,2
2021-12,Velas Aromatizadas e Baratas Em Casa: Como fazer velas arom√°ticas? DIY,7
2021-12,Velas Rose Garden - Peter Paiva,14
2022-01,COMO FAZER VELAS AROM√ÅTICASüíï VELAS PERFUMADAS.,1
2022-01,Minicurso com Peter Paiva: vela arom√°tica,3
2022-01,Velas Aromatizadas e Baratas Em Casa: Como fazer velas arom√°ticas? DIY,8
2022-01,Velas Rose Garden - Peter Paiva,24
2022-02,Minicurso com Peter Paiva: vela arom√°tica,4
2022-02,Velas Aromatizadas e Baratas Em Casa: Como fazer velas arom√°ticas? DIY,5
2022-02,Velas Rose Garden - Peter Paiva,14
2022-03,COMO FAZER VELAS AROM√ÅTICASüíï VELAS PERFUMADAS.,2
2022-03,Minicurso com Peter Paiva: vela arom√°tica,3
2022-03,Velas Aromatizadas e Baratas Em Casa: Como fazer velas arom√°ticas? DIY,7
2022-03,Velas Rose Garden - Peter Paiva,12
2022-04,COMO FAZER VELAS AROM√ÅTICASüíï VELAS PERFUMADAS.,1
2022-04,Minicurso com Peter Paiva: vela arom√°tica,4
2022-04,Velas Aromatizadas e Baratas Em Casa: Como fazer velas arom√°ticas? DIY,11
2022-04,Velas Rose Garden - Peter Paiva,19
2022-05,COMO FAZER VELAS AROM√ÅTICASüíï VELAS PERFUMADAS.,9
2022-05,Como fazer velas artesanais de um jeito simples e f√°cil,25
2022-05,Velas Aromatizadas e Baratas Em Casa: Como fazer velas arom√°ticas? DIY,15
2022-05,Velas Rose Garden - Peter Paiva,17
2022-06,COMO FAZER VELAS AROM√ÅTICASüíï VELAS PERFUMADAS.,5
2022-06,Como fazer velas artesanais de um jeito simples e f√°cil,13
2022-06,Como fazer velas para vender e economizar,28
2022-06,Vela artesanal. Arom√°tica com aroma.  @docedesabao,1
2022-06,Velas Aromatizadas e Baratas Em Casa: Como fazer velas arom√°ticas? DIY,12
2022-06,Velas Rose Garden - Peter Paiva,22
2022-07,COMO FAZER VELAS AROM√ÅTICASüíï VELAS PERFUMADAS.,10
2022-07,Como fazer velas artesanais de um jeito simples e f√°cil,2
2022-07,Como fazer velas para vender e economizar,6
2022-07,Minicurso com Peter Paiva: vela arom√°tica,1
2022-07,Velas Aromatizadas e Baratas Em Casa: Como fazer velas arom√°ticas? DIY,10
2022-07,Velas Rose Garden - Peter Paiva,14
2022-08,COMO FAZER VELAS AROM√ÅTICASüíï VELAS PERFUMADAS.,5
2022-08,Como fazer velas artesanais de um jeito simples e f√°cil,5
2022-08,Como fazer velas para vender e economizar,8
2022-08,Minicurso com Peter Paiva: vela arom√°tica,4
2022-08,Velas Aromatizadas e Baratas Em Casa: Como fazer velas arom√°ticas? DIY,10
2022-08,Velas Rose Garden - Peter Paiva,20
2022-09,COMO FAZER VELAS AROM√ÅTICASüíï VELAS PERFUMADAS.,4
2022-09,Como fazer velas artesanais de um jeito simples e f√°cil,4
2022-09,Como fazer velas para vender e economizar,7
2022-09,Minicurso com Peter Paiva: vela arom√°tica,1
2022-09,VELA QUE NUNCA SE APAGA E Vai deixar sua CASA PERFUMADA por muito tempo!!,85
2022-09,Velas Aromatizadas e Baratas Em Casa: Como fazer velas arom√°ticas? DIY,20
2022-09,Velas Rose Garden - Peter Paiva,21
2022-10,COMO FAZER VELAS AROM√ÅTICASüíï VELAS PERFUMADAS.,5
2022-10,Como fazer velas artesanais de um jeito simples e f√°cil,5
2022-10,Como fazer velas para vender e economizar,6
2022-10,Produ√ß√£o de velas arom√°ticas artesanais. Doce de sab√£o.,1
2022-10,VELA QUE NUNCA SE APAGA E Vai deixar sua CASA PERFUMADA por muito tempo!!,102
2022-10,Velas Aromatizadas e Baratas Em Casa: Como fazer velas arom√°ticas? DIY,22
2022-10,Velas Rose Garden - Peter Paiva,8
2022-11,COMO FAZER VELAS AROM√ÅTICASüíï VELAS PERFUMADAS.,2
2022-11,Como fazer velas artesanais de um jeito simples e f√°cil,6
2022-11,Como fazer velas para vender e economizar,6
2022-11,DIY- Fa√ßa voc√™ VELAS  decorativas F√ÅCIL e barato‚ú®,2
2022-11,VELA QUE NUNCA SE APAGA E Vai deixar sua CASA PERFUMADA por muito tempo!!,57
2022-11,Velas Aromatizadas e Baratas Em Casa: Como fazer velas arom√°ticas? DIY,32
2022-11,Velas Rose Garden - Peter Paiva,13
2022-12,3 Magn√≠ficas Ideas con VELAS y Flores Secas- 3Curiosas Ideas para el  Hogar,2
2022-12,COMO FAZER VELAS AROM√ÅTICASüíï VELAS PERFUMADAS.,7
2022-12,Como fazer velas artesanais de um jeito simples e f√°cil,3
2022-12,Como fazer velas para vender e economizar,6
2022-12,Minicurso com Peter Paiva: vela arom√°tica,1
2022-12,O jeito mais f√°cil de fazer uma Vela Perfumada e Econ√¥mica! üòçüïØDeixa seu like se gostou da dica ‚ù§Ô∏è,1
2022-12,VELA QUE NUNCA SE APAGA E Vai deixar sua CASA PERFUMADA por muito tempo!!,53
2022-12,Velas Aromatizadas e Baratas Em Casa: Como fazer velas arom√°ticas? DIY,11
2022-12,Velas Rose Garden - Peter Paiva,11
2022-12,Velas em formas de silicone - Peter Paiva,12
2023-01,3 Magn√≠ficas Ideas con VELAS y Flores Secas- 3Curiosas Ideas para el  Hogar,165
2023-01,COMO FAZER UMA VELA NA LATINHAüü¢ #artesanato #comofazervelas,23
2023-01,COMO FAZER VELAS AROM√ÅTICAS f√°cil e r√°pido #shorts #fa√ßavoc√™mesmo #decora√ß√£o,5
2023-01,COMO FAZER VELAS AROM√ÅTICASüíï VELAS PERFUMADAS.,4
2023-01,Como fazer vela arom√°tica,1
2023-01,Como fazer velas artesanais de um jeito simples e f√°cil,4
2023-01,Como fazer velas para vender e economizar,10
2023-01,DIY- Fa√ßa voc√™ VELAS  decorativas F√ÅCIL e barato‚ú®,2
2023-01,Minicurso com Peter Paiva: vela arom√°tica,1
2023-01,Produ√ß√£o de velas arom√°ticas artesanais. Doce de sab√£o.,1
2023-01,VELA QUE NUNCA SE APAGA E Vai deixar sua CASA PERFUMADA por muito tempo!!,39
2023-01,Velas Aromatizadas e Baratas Em Casa: Como fazer velas arom√°ticas? DIY,26
2023-01,Velas Rose Garden - Peter Paiva,7
2023-01,Velas em formas de silicone - Peter Paiva,4
2023-02,3 Magn√≠ficas Ideas con VELAS y Flores Secas- 3Curiosas Ideas para el  Hogar,25
2023-02,COMO FAZER UMA VELA NA LATINHAüü¢ #artesanato #comofazervelas,1
2023-02,COMO FAZER VELAS AROM√ÅTICAS f√°cil e r√°pido #shorts #fa√ßavoc√™mesmo #decora√ß√£o,2
2023-02,COMO FAZER VELAS AROM√ÅTICASüíï VELAS PERFUMADAS.,3
2023-02,Como fazer vela arom√°tica,1
2023-02,Como fazer velas artesanais de um jeito simples e f√°cil,1
2023-02,Como fazer velas para vender e economizar,11
2023-02,DIY- Fa√ßa voc√™ VELAS  decorativas F√ÅCIL e barato‚ú®,2
2023-02,Produ√ß√£o de velas arom√°ticas artesanais. Doce de sab√£o.,1
2023-02,VELA QUE NUNCA SE APAGA E Vai deixar sua CASA PERFUMADA por muito tempo!!,52
2023-02,Vela artesanal. Arom√°tica com aroma.  @docedesabao,1
2023-02,Velas Aromatizadas e Baratas Em Casa: Como fazer velas arom√°ticas? DIY,12
2023-02,Velas Rose Garden - Peter Paiva,5
2023-02,Velas em formas de silicone - Peter Paiva,3
2023-03,3 Magn√≠ficas Ideas con VELAS y Flores Secas- 3Curiosas Ideas para el  Hogar,28
2023-03,COMO FAZER UMA VELA NA LATINHAüü¢ #artesanato #comofazervelas,7
2023-03,COMO FAZER VELAS AROM√ÅTICAS f√°cil e r√°pido #shorts #fa√ßavoc√™mesmo #decora√ß√£o,3
2023-03,COMO FAZER VELAS AROM√ÅTICASüíï VELAS PERFUMADAS.,2
2023-03,Como fazer velas artesanais de um jeito simples e f√°cil,5
2023-03,Como fazer velas para vender e economizar,7
2023-03,DIY- Fa√ßa voc√™ VELAS  decorativas F√ÅCIL e barato‚ú®,3
2023-03,Minicurso com Peter Paiva: vela arom√°tica,1
2023-03,O jeito mais f√°cil de fazer uma Vela Perfumada e Econ√¥mica! üòçüïØDeixa seu like se gostou da dica ‚ù§Ô∏è,3
2023-03,VELA QUE NUNCA SE APAGA E Vai deixar sua CASA PERFUMADA por muito tempo!!,52
2023-03,Vela artesanal. Arom√°tica com aroma.  @docedesabao,3
2023-03,Velas Aromatizadas e Baratas Em Casa: Como fazer velas arom√°ticas? DIY,16
2023-03,Velas Rose Garden - Peter Paiva,6
2023-03,Velas em formas de silicone - Peter Paiva,3
2023-04,3 Magn√≠ficas Ideas con VELAS y Flores Secas- 3Curiosas Ideas para el  Hogar,9
2023-04,COMO FAZER UMA VELA NA LATINHAüü¢ #artesanato #comofazervelas,3
2023-04,COMO FAZER VELAS AROM√ÅTICAS f√°cil e r√°pido #shorts #fa√ßavoc√™mesmo #decora√ß√£o,3
2023-04,COMO FAZER VELAS AROM√ÅTICASüíï VELAS PERFUMADAS.,4
2023-04,Como fazer velas artesanais de um jeito simples e f√°cil,1
2023-04,Como fazer velas para vender e economizar,8
2023-04,DIY- Fa√ßa voc√™ VELAS  decorativas F√ÅCIL e barato‚ú®,1
2023-04,VELA QUE NUNCA SE APAGA E Vai deixar sua CASA PERFUMADA por muito tempo!!,34
2023-04,Velas Aromatizadas e Baratas Em Casa: Como fazer velas arom√°ticas? DIY,17
2023-04,Velas Rose Garden - Peter Paiva,16
2023-04,Velas em formas de silicone - Peter Paiva,8
2023-05,3 Magn√≠ficas Ideas con VELAS y Flores Secas- 3Curiosas Ideas para el  Hogar,6
2023-05,COMO FAZER UMA VELA NA LATINHAüü¢ #artesanato #comofazervelas,5
2023-05,COMO FAZER VELAS AROM√ÅTICAS f√°cil e r√°pido #shorts #fa√ßavoc√™mesmo #decora√ß√£o,2
2023-05,COMO FAZER VELAS AROM√ÅTICASüíï VELAS PERFUMADAS.,4
2023-05,Como fazer vela arom√°tica,1
2023-05,Como fazer velas artesanais de um jeito simples e f√°cil,5
2023-05,Como fazer velas para vender e economizar,17
2023-05,DIY- Fa√ßa voc√™ VELAS  decorativas F√ÅCIL e barato‚ú®,2
2023-05,Minicurso com Peter Paiva: vela arom√°tica,3
2023-05,VELA QUE NUNCA SE APAGA E Vai deixar sua CASA PERFUMADA por muito tempo!!,27
2023-05,Vela artesanal. Arom√°tica com aroma.  @docedesabao,1
2023-05,Velas Aromatizadas e Baratas Em Casa: Como fazer velas arom√°ticas? DIY,16
2023-05,Velas Rose Garden - Peter Paiva,13
2023-05,Velas em formas de silicone - Peter Paiva,7
2023-06,COMO FAZER UMA VELA NA LATINHAüü¢ #artesanato #comofazervelas,7
2023-06,COMO FAZER VELAS AROM√ÅTICAS f√°cil e r√°pido #shorts #fa√ßavoc√™mesmo #decora√ß√£o,1
2023-06,COMO FAZER VELAS AROM√ÅTICASüíï VELAS PERFUMADAS.,5
2023-06,Como fazer velas para vender e economizar,8
2023-06,DIY- Fa√ßa voc√™ VELAS  decorativas F√ÅCIL e barato‚ú®,3
2023-06,O jeito mais f√°cil de fazer uma Vela Perfumada e Econ√¥mica! üòçüïØDeixa seu like se gostou da dica ‚ù§Ô∏è,1
2023-06,Passo a passo da nossa produ√ß√£o de velas #velasaromaticas #artesanato #velasdecorativas,1
2023-06,VELA QUE NUNCA SE APAGA E Vai deixar sua CASA PERFUMADA por muito tempo!!,13
2023-06,Velas Aromatizadas e Baratas Em Casa: Como fazer velas arom√°ticas? DIY,11
2023-06,Velas Rose Garden - Peter Paiva,9
2023-06,Velas em formas de silicone - Peter Paiva,7
2023-07,3 Magn√≠ficas Ideas con VELAS y Flores Secas- 3Curiosas Ideas para el  Hogar,5
2023-07,COMO FAZER UMA VELA NA LATINHAüü¢ #artesanato #comofazervelas,2
2023-07,COMO FAZER VELAS AROM√ÅTICAS f√°cil e r√°pido #shorts #fa√ßavoc√™mesmo #decora√ß√£o,1
2023-07,COMO FAZER VELAS AROM√ÅTICASüíï VELAS PERFUMADAS.,7
2023-07,Como fazer vela arom√°tica,1
2023-07,Como fazer velas para vender e economizar,7
2023-07,DIY- Fa√ßa voc√™ VELAS  decorativas F√ÅCIL e barato‚ú®,3
2023-07,Minicurso com Peter Paiva: vela arom√°tica,2
2023-07,O jeito mais f√°cil de fazer uma Vela Perfumada e Econ√¥mica! üòçüïØDeixa seu like se gostou da dica ‚ù§Ô∏è,2
2023-07,Passo a passo da nossa produ√ß√£o de velas #velasaromaticas #artesanato #velasdecorativas,2
2023-07,VELA QUE NUNCA SE APAGA E Vai deixar sua CASA PERFUMADA por muito tempo!!,9
2023-07,Vela artesanal. Arom√°tica com aroma.  @docedesabao,1
2023-07,Velas Aromatizadas e Baratas Em Casa: Como fazer velas arom√°ticas? DIY,21
2023-07,Velas Rose Garden - Peter Paiva,8
2023-07,Velas em formas de silicone - Peter Paiva,4
2023-08,3 Magn√≠ficas Ideas con VELAS y Flores Secas- 3Curiosas Ideas para el  Hogar,7
2023-08,COMO FAZER UMA VELA NA LATINHAüü¢ #artesanato #comofazervelas,4
2023-08,COMO FAZER VELAS AROM√ÅTICAS f√°cil e r√°pido #shorts #fa√ßavoc√™mesmo #decora√ß√£o,5
2023-08,COMO FAZER VELAS AROM√ÅTICASüíï VELAS PERFUMADAS.,6
2023-08,Como fazer vela arom√°tica,4
2023-08,Como fazer velas artesanais de um jeito simples e f√°cil,1
2023-08,Como fazer velas para vender e economizar,11
2023-08,DIY- Fa√ßa voc√™ VELAS  decorativas F√ÅCIL e barato‚ú®,5
2023-08,Insumos para produzir velas arom√°ticas. #artesanato #velasaromaticas #velasdecorativas #velas,1
2023-08,Minicurso com Peter Paiva: vela arom√°tica,1
2023-08,O jeito mais f√°cil de fazer uma Vela Perfumada e Econ√¥mica! üòçüïØDeixa seu like se gostou da dica ‚ù§Ô∏è,1
2023-08,VELA QUE NUNCA SE APAGA E Vai deixar sua CASA PERFUMADA por muito tempo!!,2
2023-08,Vela com flores secas | Decore com velas,2
2023-08,Velas Aromatizadas e Baratas Em Casa: Como fazer velas arom√°ticas? DIY,13
2023-08,Velas Rose Garden - Peter Paiva,7
2023-08,Velas em formas de silicone - Peter Paiva,1
2023-09,3 Magn√≠ficas Ideas con VELAS y Flores Secas- 3Curiosas Ideas para el  Hogar,9
2023-09,COMO FAZER UMA VELA NA LATINHAüü¢ #artesanato #comofazervelas,3
2023-09,COMO FAZER VELAS AROM√ÅTICAS f√°cil e r√°pido #shorts #fa√ßavoc√™mesmo #decora√ß√£o,2
2023-09,COMO FAZER VELAS AROM√ÅTICASüíï VELAS PERFUMADAS.,4
2023-09,Como fazer vela arom√°tica,4
2023-09,Como fazer velas para vender e economizar,7
2023-09,DIY- Fa√ßa voc√™ VELAS  decorativas F√ÅCIL e barato‚ú®,1
2023-09,Minicurso com Peter Paiva: vela arom√°tica,1
2023-09,O jeito mais f√°cil de fazer uma Vela Perfumada e Econ√¥mica! üòçüïØDeixa seu like se gostou da dica ‚ù§Ô∏è,1
2023-09,Passo a passo da nossa produ√ß√£o de velas #velasaromaticas #artesanato #velasdecorativas,2
2023-09,VELA QUE NUNCA SE APAGA E Vai deixar sua CASA PERFUMADA por muito tempo!!,10
2023-09,Vela artesanal. Arom√°tica com aroma.  @docedesabao,1
2023-09,Vela com flores secas | Decore com velas,1
2023-09,Velas Aromatizadas e Baratas Em Casa: Como fazer velas arom√°ticas? DIY,10
2023-09,Velas Rose Garden - Peter Paiva,12
2023-09,"Velas decoradas com flores secas | Vela para casamento, decora√ß√£o de casamento",2
2023-09,Velas em formas de silicone - Peter Paiva,4
2023-10,3 Magn√≠ficas Ideas con VELAS y Flores Secas- 3Curiosas Ideas para el  Hogar,5
2023-10,COMO FAZER UMA VELA NA LATINHAüü¢ #artesanato #comofazervelas,5
2023-10,COMO FAZER VELAS AROM√ÅTICAS f√°cil e r√°pido #shorts #fa√ßavoc√™mesmo #decora√ß√£o,2
2023-10,COMO FAZER VELAS AROM√ÅTICASüíï VELAS PERFUMADAS.,7
2023-10,Como fazer vela arom√°tica,4
2023-10,Como fazer velas artesanais de um jeito simples e f√°cil,1
2023-10,Como fazer velas para vender e economizar,13
2023-10,DIY- Fa√ßa voc√™ VELAS  decorativas F√ÅCIL e barato‚ú®,1
2023-10,Minicurso com Peter Paiva: vela arom√°tica,1
2023-10,O jeito mais f√°cil de fazer uma Vela Perfumada e Econ√¥mica! üòçüïØDeixa seu like se gostou da dica ‚ù§Ô∏è,4
2023-10,Produ√ß√£o de velas arom√°ticas artesanais. Doce de sab√£o.,1
2023-10,VELA QUE NUNCA SE APAGA E Vai deixar sua CASA PERFUMADA por muito tempo!!,11
2023-10,Velas Aromatizadas e Baratas Em Casa: Como fazer velas arom√°ticas? DIY,24
2023-10,Velas Rose Garden - Peter Paiva,8
2023-10,Velas em formas de silicone - Peter Paiva,8
2023-10,"velas arom√°ticas  artesanais,feitas com cera de soja ecomix em potes de gesso.",1
2023-11,3 Magn√≠ficas Ideas con VELAS y Flores Secas- 3Curiosas Ideas para el  Hogar,13
2023-11,COMO FAZER UMA VELA NA LATINHAüü¢ #artesanato #comofazervelas,5
2023-11,COMO FAZER VELAS AROM√ÅTICAS f√°cil e r√°pido #shorts #fa√ßavoc√™mesmo #decora√ß√£o,4
2023-11,COMO FAZER VELAS AROM√ÅTICASüíï VELAS PERFUMADAS.,4
2023-11,Como fazer vela arom√°tica,5
2023-11,Como fazer velas artesanais de um jeito simples e f√°cil,2
2023-11,Como fazer velas para vender e economizar,6
2023-11,DIY- Fa√ßa voc√™ VELAS  decorativas F√ÅCIL e barato‚ú®,2
2023-11,O jeito mais f√°cil de fazer uma Vela Perfumada e Econ√¥mica! üòçüïØDeixa seu like se gostou da dica ‚ù§Ô∏è,1
2023-11,Passo a passo da nossa produ√ß√£o de velas #velasaromaticas #artesanato #velasdecorativas,1
2023-11,VELA QUE NUNCA SE APAGA E Vai deixar sua CASA PERFUMADA por muito tempo!!,8
2023-11,Vela artesanal. Arom√°tica com aroma.  @docedesabao,1
2023-11,Velas Aromatizadas e Baratas Em Casa: Como fazer velas arom√°ticas? DIY,15
2023-11,Velas Rose Garden - Peter Paiva,8
2023-11,Velas em formas de silicone - Peter Paiva,3
2023-12,3 Magn√≠ficas Ideas con VELAS y Flores Secas- 3Curiosas Ideas para el  Hogar,20
2023-12,COMO FAZER UMA VELA NA LATINHAüü¢ #artesanato #comofazervelas,1
2023-12,COMO FAZER VELAS AROM√ÅTICAS f√°cil e r√°pido #shorts #fa√ßavoc√™mesmo #decora√ß√£o,2
2023-12,COMO FAZER VELAS AROM√ÅTICASüíï VELAS PERFUMADAS.,6
2023-12,Como fazer velas artesanais de um jeito simples e f√°cil,1
2023-12,Como fazer velas para vender e economizar,3
2023-12,DIY- Fa√ßa voc√™ VELAS  decorativas F√ÅCIL e barato‚ú®,2
2023-12,Minicurso com Peter Paiva: vela arom√°tica,2
2023-12,O jeito mais f√°cil de fazer uma Vela Perfumada e Econ√¥mica! üòçüïØDeixa seu like se gostou da dica ‚ù§Ô∏è,3
2023-12,Passo a passo da nossa produ√ß√£o de velas #velasaromaticas #artesanato #velasdecorativas,1
2023-12,VELA QUE NUNCA SE APAGA E Vai deixar sua CASA PERFUMADA por muito tempo!!,14
2023-12,Vela artesanal. Arom√°tica com aroma.  @docedesabao,2
2023-12,Vela com flores secas | Decore com velas,1
2023-12,Velas Aromatizadas e Baratas Em Casa: Como fazer velas arom√°ticas? DIY,14
2023-12,Velas Rose Garden - Peter Paiva,1
2023-12,Velas em formas de silicone - Peter Paiva,2
2023-12,"velas arom√°ticas  artesanais,feitas com cera de soja ecomix em potes de gesso.",1
2024-01,3 Magn√≠ficas Ideas con VELAS y Flores Secas- 3Curiosas Ideas para el  Hogar,11
2024-01,COMO FAZER UMA VELA NA LATINHAüü¢ #artesanato #comofazervelas,3
2024-01,COMO FAZER VELAS AROM√ÅTICAS f√°cil e r√°pido #shorts #fa√ßavoc√™mesmo #decora√ß√£o,5
2024-01,COMO FAZER VELAS AROM√ÅTICASüíï VELAS PERFUMADAS.,6
2024-01,Como fazer vela arom√°tica,5
2024-01,Como fazer velas para vender e economizar,5
2024-01,DIY- Fa√ßa voc√™ VELAS  decorativas F√ÅCIL e barato‚ú®,3
2024-01,Minicurso com Peter Paiva: vela arom√°tica,2
2024-01,O jeito mais f√°cil de fazer uma Vela Perfumada e Econ√¥mica! üòçüïØDeixa seu like se gostou da dica ‚ù§Ô∏è,1
2024-01,Passo a passo da nossa produ√ß√£o de velas #velasaromaticas #artesanato #velasdecorativas,1
2024-01,Produ√ß√£o de velas arom√°ticas artesanais. Doce de sab√£o.,3
2024-01,VELA QUE NUNCA SE APAGA E Vai deixar sua CASA PERFUMADA por muito tempo!!,9
2024-01,Vela artesanal. Arom√°tica com aroma.  @docedesabao,1
2024-01,Velas Aromatizadas e Baratas Em Casa: Como fazer velas arom√°ticas? DIY,13
2024-01,Velas Rose Garden - Peter Paiva,6
2024-01,Velas em formas de silicone - Peter Paiva,2
2024-02,3 Magn√≠ficas Ideas con VELAS y Flores Secas- 3Curiosas Ideas para el  Hogar,7
2024-02,COMO FAZER UMA VELA NA LATINHAüü¢ #artesanato #comofazervelas,1
2024-02,COMO FAZER VELAS AROM√ÅTICAS f√°cil e r√°pido #shorts #fa√ßavoc√™mesmo #decora√ß√£o,2
2024-02,COMO FAZER VELAS AROM√ÅTICASüíï VELAS PERFUMADAS.,4
2024-02,Como fazer vela arom√°tica,1
2024-02,Como fazer velas para vender e economizar,5
2024-02,DIY- Fa√ßa voc√™ VELAS  decorativas F√ÅCIL e barato‚ú®,2
2024-02,Minicurso com Peter Paiva: vela arom√°tica,4
2024-02,O jeito mais f√°cil de fazer uma Vela Perfumada e Econ√¥mica! üòçüïØDeixa seu like se gostou da dica ‚ù§Ô∏è,2
2024-02,Passo a passo da nossa produ√ß√£o de velas #velasaromaticas #artesanato #velasdecorativas,1
2024-02,VELA QUE NUNCA SE APAGA E Vai deixar sua CASA PERFUMADA por muito tempo!!,10
2024-02,Velas Aromatizadas e Baratas Em Casa: Como fazer velas arom√°ticas? DIY,11
2024-02,Velas Rose Garden - Peter Paiva,6
2024-02,Velas em formas de silicone - Peter Paiva,5
2024-02,"velas arom√°ticas  artesanais,feitas com cera de soja ecomix em potes de gesso.",1
2024-03,3 Magn√≠ficas Ideas con VELAS y Flores Secas- 3Curiosas Ideas para el  Hogar,3
2024-03,COMO FAZER UMA VELA NA LATINHAüü¢ #artesanato #comofazervelas,2
2024-03,COMO FAZER VELAS AROM√ÅTICAS f√°cil e r√°pido #shorts #fa√ßavoc√™mesmo #decora√ß√£o,2
2024-03,COMO FAZER VELAS AROM√ÅTICASüíï VELAS PERFUMADAS.,5
2024-03,Como fazer vela arom√°tica,6
2024-03,Como fazer velas para vender e economizar,5
2024-03,DIY- Fa√ßa voc√™ VELAS  decorativas F√ÅCIL e barato‚ú®,1
2024-03,Minicurso com Peter Paiva: vela arom√°tica,1
2024-03,O jeito mais f√°cil de fazer uma Vela Perfumada e Econ√¥mica! üòçüïØDeixa seu like se gostou da dica ‚ù§Ô∏è,1
2024-03,VELA QUE NUNCA SE APAGA E Vai deixar sua CASA PERFUMADA por muito tempo!!,8
2024-03,Velas Aromatizadas e Baratas Em Casa: Como fazer velas arom√°ticas? DIY,16
2024-03,Velas Rose Garden - Peter Paiva,4
2024-03,Velas em formas de silicone - Peter Paiva,1
2024-04,3 Magn√≠ficas Ideas con VELAS y Flores Secas- 3Curiosas Ideas para el  Hogar,5
2024-04,COMO FAZER UMA VELA NA LATINHAüü¢ #artesanato #comofazervelas,4
2024-04,COMO FAZER VELAS AROM√ÅTICAS f√°cil e r√°pido #shorts #fa√ßavoc√™mesmo #decora√ß√£o,1
2024-04,COMO FAZER VELAS AROM√ÅTICASüíï VELAS PERFUMADAS.,1
2024-04,Como fazer vela arom√°tica,7
2024-04,Como fazer velas artesanais de um jeito simples e f√°cil,1
2024-04,Como fazer velas para vender e economizar,8
2024-04,DIY- Fa√ßa voc√™ VELAS  decorativas F√ÅCIL e barato‚ú®,3
2024-04,Minicurso com Peter Paiva: vela arom√°tica,2
2024-04,Passo a passo da nossa produ√ß√£o de velas #velasaromaticas #artesanato #velasdecorativas,3
2024-04,VELA QUE NUNCA SE APAGA E Vai deixar sua CASA PERFUMADA por muito tempo!!,4
2024-04,Velas Aromatizadas e Baratas Em Casa: Como fazer velas arom√°ticas? DIY,8
2024-04,Velas Rose Garden - Peter Paiva,7
2024-04,Velas em formas de silicone - Peter Paiva,7
2024-05,3 Magn√≠ficas Ideas con VELAS y Flores Secas- 3Curiosas Ideas para el  Hogar,6
2024-05,COMO FAZER UMA VELA NA LATINHAüü¢ #artesanato #comofazervelas,4
2024-05,COMO FAZER VELAS AROM√ÅTICAS f√°cil e r√°pido #shorts #fa√ßavoc√™mesmo #decora√ß√£o,3
2024-05,COMO FAZER VELAS AROM√ÅTICASüíï VELAS PERFUMADAS.,3
2024-05,Como fazer vela arom√°tica,3
2024-05,Como fazer velas para vender e economizar,8
2024-05,DIY- Fa√ßa voc√™ VELAS  decorativas F√ÅCIL e barato‚ú®,2
2024-05,Minicurso com Peter Paiva: vela arom√°tica,2
2024-05,Passo a passo da nossa produ√ß√£o de velas #velasaromaticas #artesanato #velasdecorativas,1
2024-05,VELA QUE NUNCA SE APAGA E Vai deixar sua CASA PERFUMADA por muito tempo!!,5
2024-05,Vela artesanal. Arom√°tica com aroma.  @docedesabao,1
2024-05,Vela com flores secas | Decore com velas,1
2024-05,Velas Aromatizadas e Baratas Em Casa: Como fazer velas arom√°ticas? DIY,13
2024-05,Velas Rose Garden - Peter Paiva,9
2024-05,Velas em formas de silicone - Peter Paiva,4
2024-06,3 Magn√≠ficas Ideas con VELAS y Flores Secas- 3Curiosas Ideas para el  Hogar,3
2024-06,COMO FAZER VELAS AROM√ÅTICAS f√°cil e r√°pido #shorts #fa√ßavoc√™mesmo #decora√ß√£o,2
2024-06,COMO FAZER VELAS AROM√ÅTICAS‚ú®10 Passos Simples para Fazer Vela Aromatizada.,1
2024-06,COMO FAZER VELAS AROM√ÅTICASüíï VELAS PERFUMADAS.,5
2024-06,Como fazer Velas Arom√°ticas | Aprenda hoje!,2
2024-06,Como fazer vela arom√°tica,2
2024-06,Como fazer velas para vender e economizar,7
2024-06,DIY- Fa√ßa voc√™ VELAS  decorativas F√ÅCIL e barato‚ú®,3
2024-06,Minicurso com Peter Paiva: vela arom√°tica,3
2024-06,O jeito mais f√°cil de fazer uma Vela Perfumada e Econ√¥mica! üòçüïØDeixa seu like se gostou da dica ‚ù§Ô∏è,2
2024-06,Passo a passo da nossa produ√ß√£o de velas #velasaromaticas #artesanato #velasdecorativas,2
2024-06,VELA QUE NUNCA SE APAGA E Vai deixar sua CASA PERFUMADA por muito tempo!!,8
2024-06,Vela com flores secas | Decore com velas,6
2024-06,Velas Aromatizadas e Baratas Em Casa: Como fazer velas arom√°ticas? DIY,14
2024-06,Velas Rose Garden - Peter Paiva,6
2024-06,Velas em formas de silicone - Peter Paiva,2
2024-06,coloque Vela no amaciante que at√© os vizinhos v√£o sentir o perfume,1
2024-06,"velas arom√°ticas  artesanais,feitas com cera de soja ecomix em potes de gesso.",2
2024-07,3 Magn√≠ficas Ideas con VELAS y Flores Secas- 3Curiosas Ideas para el  Hogar,7
2024-07,COMO FAZER VELAS AROM√ÅTICAS f√°cil e r√°pido #shorts #fa√ßavoc√™mesmo #decora√ß√£o,2
2024-07,COMO FAZER VELAS AROM√ÅTICAS‚ú®10 Passos Simples para Fazer Vela Aromatizada.,1
2024-07,COMO FAZER VELAS AROM√ÅTICASüíï VELAS PERFUMADAS.,10
2024-07,Como fazer Velas Arom√°ticas | Aprenda hoje!,1
2024-07,Como fazer vela arom√°tica,2
2024-07,Como fazer velas para vender e economizar,7
2024-07,DIY- Fa√ßa voc√™ VELAS  decorativas F√ÅCIL e barato‚ú®,2
2024-07,Minicurso com Peter Paiva: vela arom√°tica,2
2024-07,O jeito mais f√°cil de fazer uma Vela Perfumada e Econ√¥mica! üòçüïØDeixa seu like se gostou da dica ‚ù§Ô∏è,1
2024-07,Passo a passo da nossa produ√ß√£o de velas #velasaromaticas #artesanato #velasdecorativas,1
2024-07,VELA QUE NUNCA SE APAGA E Vai deixar sua CASA PERFUMADA por muito tempo!!,8
2024-07,Vela com flores secas | Decore com velas,6
2024-07,Velas Aromatizadas e Baratas Em Casa: Como fazer velas arom√°ticas? DIY,15
2024-07,Velas Rose Garden - Peter Paiva,5
2024-07,Velas em formas de silicone - Peter Paiva,4
2024-07,coloque Vela no amaciante que at√© os vizinhos v√£o sentir o perfume,3
2024-08,3 Magn√≠ficas Ideas con VELAS y Flores Secas- 3Curiosas Ideas para el  Hogar,6
2024-08,COMO FAZER UMA VELA NA LATINHAüü¢ #artesanato #comofazervelas,2
2024-08,COMO FAZER VELAS AROM√ÅTICAS f√°cil e r√°pido #shorts #fa√ßavoc√™mesmo #decora√ß√£o,1
2024-08,COMO FAZER VELAS AROM√ÅTICAS‚ú®10 Passos Simples para Fazer Vela Aromatizada.,4
2024-08,COMO FAZER VELAS AROM√ÅTICASüíï VELAS PERFUMADAS.,4
2024-08,Como fazer Velas Arom√°ticas | Aprenda hoje!,1
2024-08,Como fazer vela arom√°tica,5
2024-08,Como fazer velas artesanais de um jeito simples e f√°cil,1
2024-08,Como fazer velas para vender e economizar,5
2024-08,DIY- Fa√ßa voc√™ VELAS  decorativas F√ÅCIL e barato‚ú®,2
2024-08,Insumos para produzir velas arom√°ticas. #artesanato #velasaromaticas #velasdecorativas #velas,1
2024-08,O jeito mais f√°cil de fazer uma Vela Perfumada e Econ√¥mica! üòçüïØDeixa seu like se gostou da dica ‚ù§Ô∏è,2
2024-08,Vela com flores secas | Decore com velas,7
2024-08,Velas Aromatizadas e Baratas Em Casa: Como fazer velas arom√°ticas? DIY,16
2024-08,Velas Rose Garden - Peter Paiva,1
2024-08,coloque Vela no amaciante que at√© os vizinhos v√£o sentir o perfume,4
2024-09,3 Magn√≠ficas Ideas con VELAS y Flores Secas- 3Curiosas Ideas para el  Hogar,7
2024-09,COMO FAZER VELAS AROM√ÅTICAS f√°cil e r√°pido #shorts #fa√ßavoc√™mesmo #decora√ß√£o,2
2024-09,COMO FAZER VELAS AROM√ÅTICAS‚ú®10 Passos Simples para Fazer Vela Aromatizada.,2
2024-09,COMO FAZER VELAS AROM√ÅTICASüíï VELAS PERFUMADAS.,4
2024-09,Como fazer Velas Arom√°ticas | Aprenda hoje!,1
2024-09,Como fazer vela arom√°tica,3
2024-09,Como fazer velas para vender e economizar,5
2024-09,DIY- Fa√ßa voc√™ VELAS  decorativas F√ÅCIL e barato‚ú®,3
2024-09,Minicurso com Peter Paiva: vela arom√°tica,2
2024-09,Passo a passo da nossa produ√ß√£o de velas #velasaromaticas #artesanato #velasdecorativas,1
2024-09,VELA QUE NUNCA SE APAGA E Vai deixar sua CASA PERFUMADA por muito tempo!!,4
2024-09,Vela com flores secas | Decore com velas,6
2024-09,Velas Aromatizadas e Baratas Em Casa: Como fazer velas arom√°ticas? DIY,9
2024-09,Velas Rose Garden - Peter Paiva,9
2024-09,Velas em formas de silicone - Peter Paiva,1
2024-09,coloque Vela no amaciante que at√© os vizinhos v√£o sentir o perfume,8
2024-09,"velas arom√°ticas  artesanais,feitas com cera de soja ecomix em potes de gesso.",1
2024-10,3 Magn√≠ficas Ideas con VELAS y Flores Secas- 3Curiosas Ideas para el  Hogar,11
2024-10,COMO FAZER VELAS AROM√ÅTICAS f√°cil e r√°pido #shorts #fa√ßavoc√™mesmo #decora√ß√£o,5
2024-10,COMO FAZER VELAS AROM√ÅTICAS‚ú®10 Passos Simples para Fazer Vela Aromatizada.,1
2024-10,COMO FAZER VELAS AROM√ÅTICASüíï VELAS PERFUMADAS.,1
2024-10,Como fazer Velas Arom√°ticas | Aprenda hoje!,5
2024-10,Como fazer vela arom√°tica,6
2024-10,Como fazer velas para vender e economizar,4
2024-10,O jeito mais f√°cil de fazer uma Vela Perfumada e Econ√¥mica! üòçüïØDeixa seu like se gostou da dica ‚ù§Ô∏è,1
2024-10,Vela com flores secas | Decore com velas,12
2024-10,Velas Aromatizadas e Baratas Em Casa: Como fazer velas arom√°ticas? DIY,12
2024-10,Velas Arom√°ticas #comofazervelas #velaspersonalizadas #velasaromaticas #velasdecorativas #velas,8
2024-10,Velas Rose Garden - Peter Paiva,10
2024-10,Velas em formas de silicone - Peter Paiva,4
2024-10,coloque Vela no amaciante que at√© os vizinhos v√£o sentir o perfume,7
2024-10,"velas arom√°ticas  artesanais,feitas com cera de soja ecomix em potes de gesso.",1
2024-11,3 Magn√≠ficas Ideas con VELAS y Flores Secas- 3Curiosas Ideas para el  Hogar,7
2024-11,COMO FAZER VELAS AROM√ÅTICAS f√°cil e r√°pido #shorts #fa√ßavoc√™mesmo #decora√ß√£o,2
2024-11,COMO FAZER VELAS AROM√ÅTICAS‚ú®10 Passos Simples para Fazer Vela Aromatizada.,2
2024-11,COMO FAZER VELAS AROM√ÅTICASüíï VELAS PERFUMADAS.,1
2024-11,Como fazer Velas Arom√°ticas | Aprenda hoje!,5
2024-11,Como fazer vela arom√°tica,2
2024-11,Como fazer velas para vender e economizar,7
2024-11,DIY- Fa√ßa voc√™ VELAS  decorativas F√ÅCIL e barato‚ú®,2
2024-11,Minicurso com Peter Paiva: vela arom√°tica,1
2024-11,O jeito mais f√°cil de fazer uma Vela Perfumada e Econ√¥mica! üòçüïØDeixa seu like se gostou da dica ‚ù§Ô∏è,3
2024-11,Passo a passo da nossa produ√ß√£o de velas #velasaromaticas #artesanato #velasdecorativas,2
2024-11,VELA QUE NUNCA SE APAGA E Vai deixar sua CASA PERFUMADA por muito tempo!!,1
2024-11,Vela com flores secas | Decore com velas,13
2024-11,Velas Aromatizadas e Baratas Em Casa: Como fazer velas arom√°ticas? DIY,21
2024-11,Velas Arom√°ticas #comofazervelas #velaspersonalizadas #velasaromaticas #velasdecorativas #velas,3
2024-11,Velas Rose Garden - Peter Paiva,4
2024-11,Velas em formas de silicone - Peter Paiva,3
2024-11,coloque Vela no amaciante que at√© os vizinhos v√£o sentir o perfume,31
2024-11,"velas arom√°ticas  artesanais,feitas com cera de soja ecomix em potes de gesso.",2
2024-12,COMO FAZER VELAS AROM√ÅTICAS‚ú®10 Passos Simples para Fazer Vela Aromatizada.,1
2024-12,COMO FAZER VELAS AROM√ÅTICASüíï VELAS PERFUMADAS.,1
2024-12,Como fazer Velas Arom√°ticas | Aprenda hoje!,4
2024-12,O jeito mais f√°cil de fazer uma Vela Perfumada e Econ√¥mica! üòçüïØDeixa seu like se gostou da dica ‚ù§Ô∏è,1
2024-12,Passo a passo da nossa produ√ß√£o de velas #velasaromaticas #artesanato #velasdecorativas,1
2024-12,Produ√ß√£o de velas arom√°ticas artesanais. Doce de sab√£o.,1
2024-12,VELA QUE NUNCA SE APAGA E Vai deixar sua CASA PERFUMADA por muito tempo!!,1
2024-12,Vela com flores secas | Decore com velas,2
2024-12,Velas Aromatizadas e Baratas Em Casa: Como fazer velas arom√°ticas? DIY,6
2024-12,Velas Arom√°ticas #comofazervelas #velaspersonalizadas #velasaromaticas #velasdecorativas #velas,3
2024-12,Velas Rose Garden - Peter Paiva,2
2024-12,coloque Vela no amaciante que at√© os vizinhos v√£o sentir o perfume,6
